epoch,acc,loss,val_acc,val_loss
0,0.73562,0.612605098209,0.80898,0.504561208477
1,0.86436,0.402635000019,0.86542,0.369958690376
2,0.89562,0.303053685083,0.87886,0.320140454655
3,0.91046,0.252861753874,0.88414,0.297226671114
4,0.9241,0.218982387576,0.8856,0.289869402885
