epoch,acc,loss,val_acc,val_loss
0,0.75108,0.635686368217,0.79602,0.587018586121
1,0.82084,0.539449705429,0.8151,0.521549718704
2,0.8439,0.479887633018,0.83378,0.477643938465
3,0.85862,0.438964936676,0.8453,0.446514889488
4,0.86734,0.40878071537,0.8514,0.423959349346
